league_id,name,country
47,Premier League,England
48,Championship,England
64,Premiership,Scotland
73,Europa League,INT
108,League One,England
109,League Two,England
117,National League,England
119,2. Liga,AUT
123,Championship,Scotland
124,League One,Scotland
125,League Two,Scotland
126,Premier Division,Ireland
129,Premiership,Northern Ireland
142,EFL Trophy,England
216,1. Deild,Iceland
218,First Division,Ireland
221,Premier Division Qualification,Ireland
251,Ykkosliiga,Finland
512,Regionalliga,Germany
8944,National North & South,England
8972,USL Championship,USA
8982,Indian Football League,India
9253,FA Trophy,England
9296,USL League One,USA
9545,Highland / Lowland,Scotland
9986,Premier League,Canada
10216,Conference League,INT
10282,MLS Next Pro,USA
